provider_id,provider_name,provider_street_address,provider_city,provider_state,provider_zipcode,drg_definition,hospital_referral_region_description,total_discharges,average_covered_charges,average_total_payments,average_medicare_payments
330393,UNIVERSITY HOSPITAL ( STONY BROOK ),HEALTH SCIENCES CENTER SUNY,STONY BROOK,NY,11794,"003 - ECMO OR TRACH W MV >96 HRS OR PDX EXC FACE, MOUTH & NECK W MAJ O.R.",NY - East Long Island,40,763781.83,216636.88,172514.88
330393,UNIVERSITY HOSPITAL ( STONY BROOK ),HEALTH SCIENCES CENTER SUNY,STONY BROOK,NY,11794,"004 - TRACH W MV 96+ HRS OR PDX EXC FACE, MOUTH & NECK W/O MAJ O.R.",NY - East Long Island,23,493547.74,132951.87,108173.04
330393,UNIVERSITY HOSPITAL ( STONY BROOK ),HEALTH SCIENCES CENTER SUNY,STONY BROOK,NY,11794,023 - CRANIO W MAJOR DEV IMPL/ACUTE COMPLEX CNS PDX W MCC OR CHEMO IMPLANT,NY - East Long Island,17,280725.53,69981.35,62159.71
330393,UNIVERSITY HOSPITAL ( STONY BROOK ),HEALTH SCIENCES CENTER SUNY,STONY BROOK,NY,11794,025 - CRANIOTOMY & ENDOVASCULAR INTRACRANIAL PROCEDURES W MCC,NY - East Long Island,52,162409.73,46304.58,37223.42
330393,UNIVERSITY HOSPITAL ( STONY BROOK ),HEALTH SCIENCES CENTER SUNY,STONY BROOK,NY,11794,026 - CRANIOTOMY & ENDOVASCULAR INTRACRANIAL PROCEDURES W CC,NY - East Long Island,20,102755.3,29697.0,26191.15
330393,UNIVERSITY HOSPITAL ( STONY BROOK ),HEALTH SCIENCES CENTER SUNY,STONY BROOK,NY,11794,027 - CRANIOTOMY & ENDOVASCULAR INTRACRANIAL PROCEDURES W/O CC/MCC,NY - East Long Island,25,57055.6,24090.96,18080.04
330393,UNIVERSITY HOSPITAL ( STONY BROOK ),HEALTH SCIENCES CENTER SUNY,STONY BROOK,NY,11794,033 - VENTRICULAR SHUNT PROCEDURES W/O CC/MCC,NY - East Long Island,11,41980.09,19661.18,12926.36
330393,UNIVERSITY HOSPITAL ( STONY BROOK ),HEALTH SCIENCES CENTER SUNY,STONY BROOK,NY,11794,039 - EXTRACRANIAL PROCEDURES W/O CC/MCC,NY - East Long Island,18,35073.89,14161.89,8548.33
330393,UNIVERSITY HOSPITAL ( STONY BROOK ),HEALTH SCIENCES CENTER SUNY,STONY BROOK,NY,11794,040 - PERIPH/CRANIAL NERVE & OTHER NERV SYST PROC W MCC,NY - East Long Island,13,163908.46,38290.77,33383.54
330393,UNIVERSITY HOSPITAL ( STONY BROOK ),HEALTH SCIENCES CENTER SUNY,STONY BROOK,NY,11794,041 - PERIPH/CRANIAL NERVE & OTHER NERV SYST PROC W CC OR PERIPH NEUROSTIM,NY - East Long Island,15,70421.67,22595.27,16489.67
330393,UNIVERSITY HOSPITAL ( STONY BROOK ),HEALTH SCIENCES CENTER SUNY,STONY BROOK,NY,11794,054 - NERVOUS SYSTEM NEOPLASMS W MCC,NY - East Long Island,40,75122.43,17048.18,10956.1
330393,UNIVERSITY HOSPITAL ( STONY BROOK ),HEALTH SCIENCES CENTER SUNY,STONY BROOK,NY,11794,055 - NERVOUS SYSTEM NEOPLASMS W/O MCC,NY - East Long Island,14,42269.21,11786.29,8191.71
330393,UNIVERSITY HOSPITAL ( STONY BROOK ),HEALTH SCIENCES CENTER SUNY,STONY BROOK,NY,11794,056 - DEGENERATIVE NERVOUS SYSTEM DISORDERS W MCC,NY - East Long Island,12,108534.83,26873.08,22264.92
330393,UNIVERSITY HOSPITAL ( STONY BROOK ),HEALTH SCIENCES CENTER SUNY,STONY BROOK,NY,11794,057 - DEGENERATIVE NERVOUS SYSTEM DISORDERS W/O MCC,NY - East Long Island,41,42507.24,12551.15,10005.63
330393,UNIVERSITY HOSPITAL ( STONY BROOK ),HEALTH SCIENCES CENTER SUNY,STONY BROOK,NY,11794,064 - INTRACRANIAL HEMORRHAGE OR CEREBRAL INFARCTION W MCC,NY - East Long Island,99,102583.29,21876.34,17492.45
330393,UNIVERSITY HOSPITAL ( STONY BROOK ),HEALTH SCIENCES CENTER SUNY,STONY BROOK,NY,11794,065 - INTRACRANIAL HEMORRHAGE OR CEREBRAL INFARCTION W CC OR TPA IN 24 HRS,NY - East Long Island,75,62182.36,13177.55,8808.45
330393,UNIVERSITY HOSPITAL ( STONY BROOK ),HEALTH SCIENCES CENTER SUNY,STONY BROOK,NY,11794,066 - INTRACRANIAL HEMORRHAGE OR CEREBRAL INFARCTION W/O CC/MCC,NY - East Long Island,54,43563.26,9112.54,6553.48
330393,UNIVERSITY HOSPITAL ( STONY BROOK ),HEALTH SCIENCES CENTER SUNY,STONY BROOK,NY,11794,069 - TRANSIENT ISCHEMIA,NY - East Long Island,33,41245.24,8777.42,6266.18
330393,UNIVERSITY HOSPITAL ( STONY BROOK ),HEALTH SCIENCES CENTER SUNY,STONY BROOK,NY,11794,070 - NONSPECIFIC CEREBROVASCULAR DISORDERS W MCC,NY - East Long Island,16,97559.81,23506.5,20574.31
330393,UNIVERSITY HOSPITAL ( STONY BROOK ),HEALTH SCIENCES CENTER SUNY,STONY BROOK,NY,11794,074 - CRANIAL & PERIPHERAL NERVE DISORDERS W/O MCC,NY - East Long Island,25,35037.12,9979.56,7550.12
330393,UNIVERSITY HOSPITAL ( STONY BROOK ),HEALTH SCIENCES CENTER SUNY,STONY BROOK,NY,11794,"082 - TRAUMATIC STUPOR & COMA, COMA >1 HR W MCC",NY - East Long Island,11,93757.36,22408.0,16140.91
330393,UNIVERSITY HOSPITAL ( STONY BROOK ),HEALTH SCIENCES CENTER SUNY,STONY BROOK,NY,11794,"083 - TRAUMATIC STUPOR & COMA, COMA >1 HR W CC",NY - East Long Island,11,58305.36,14625.73,12127.36
330393,UNIVERSITY HOSPITAL ( STONY BROOK ),HEALTH SCIENCES CENTER SUNY,STONY BROOK,NY,11794,"085 - TRAUMATIC STUPOR & COMA, COMA <1 HR W MCC",NY - East Long Island,17,95552.29,22486.82,19806.41
330393,UNIVERSITY HOSPITAL ( STONY BROOK ),HEALTH SCIENCES CENTER SUNY,STONY BROOK,NY,11794,"086 - TRAUMATIC STUPOR & COMA, COMA <1 HR W CC",NY - East Long Island,44,54459.98,12796.55,10459.05
330393,UNIVERSITY HOSPITAL ( STONY BROOK ),HEALTH SCIENCES CENTER SUNY,STONY BROOK,NY,11794,"087 - TRAUMATIC STUPOR & COMA, COMA <1 HR W/O CC/MCC",NY - East Long Island,32,33328.59,8590.19,5900.47
330393,UNIVERSITY HOSPITAL ( STONY BROOK ),HEALTH SCIENCES CENTER SUNY,STONY BROOK,NY,11794,091 - OTHER DISORDERS OF NERVOUS SYSTEM W MCC,NY - East Long Island,14,57979.71,18430.57,12123.43
330393,UNIVERSITY HOSPITAL ( STONY BROOK ),HEALTH SCIENCES CENTER SUNY,STONY BROOK,NY,11794,092 - OTHER DISORDERS OF NERVOUS SYSTEM W CC,NY - East Long Island,29,42636.38,10598.72,7553.48
330393,UNIVERSITY HOSPITAL ( STONY BROOK ),HEALTH SCIENCES CENTER SUNY,STONY BROOK,NY,11794,093 - OTHER DISORDERS OF NERVOUS SYSTEM W/O CC/MCC,NY - East Long Island,11,69343.09,17887.09,7642.64
330393,UNIVERSITY HOSPITAL ( STONY BROOK ),HEALTH SCIENCES CENTER SUNY,STONY BROOK,NY,11794,100 - SEIZURES W MCC,NY - East Long Island,22,70972.05,18591.86,13966.09
330393,UNIVERSITY HOSPITAL ( STONY BROOK ),HEALTH SCIENCES CENTER SUNY,STONY BROOK,NY,11794,101 - SEIZURES W/O MCC,NY - East Long Island,46,38892.98,9716.98,6384.24
330393,UNIVERSITY HOSPITAL ( STONY BROOK ),HEALTH SCIENCES CENTER SUNY,STONY BROOK,NY,11794,149 - DYSEQUILIBRIUM,NY - East Long Island,16,29470.19,7998.0,5080.81
330393,UNIVERSITY HOSPITAL ( STONY BROOK ),HEALTH SCIENCES CENTER SUNY,STONY BROOK,NY,11794,153 - OTITIS MEDIA & URI W/O MCC,NY - East Long Island,14,23395.07,8400.64,5285.14
330393,UNIVERSITY HOSPITAL ( STONY BROOK ),HEALTH SCIENCES CENTER SUNY,STONY BROOK,NY,11794,163 - MAJOR CHEST PROCEDURES W MCC,NY - East Long Island,13,228709.0,68689.77,50447.69
330393,UNIVERSITY HOSPITAL ( STONY BROOK ),HEALTH SCIENCES CENTER SUNY,STONY BROOK,NY,11794,164 - MAJOR CHEST PROCEDURES W CC,NY - East Long Island,24,78239.71,26636.38,21182.75
330393,UNIVERSITY HOSPITAL ( STONY BROOK ),HEALTH SCIENCES CENTER SUNY,STONY BROOK,NY,11794,166 - OTHER RESP SYSTEM O.R. PROCEDURES W MCC,NY - East Long Island,13,120791.08,47792.62,30676.46
330393,UNIVERSITY HOSPITAL ( STONY BROOK ),HEALTH SCIENCES CENTER SUNY,STONY BROOK,NY,11794,175 - PULMONARY EMBOLISM W MCC,NY - East Long Island,16,62830.31,17327.44,13751.69
330393,UNIVERSITY HOSPITAL ( STONY BROOK ),HEALTH SCIENCES CENTER SUNY,STONY BROOK,NY,11794,176 - PULMONARY EMBOLISM W/O MCC,NY - East Long Island,22,37280.82,10201.09,7371.5
330393,UNIVERSITY HOSPITAL ( STONY BROOK ),HEALTH SCIENCES CENTER SUNY,STONY BROOK,NY,11794,177 - RESPIRATORY INFECTIONS & INFLAMMATIONS W MCC,NY - East Long Island,82,67772.38,20575.61,16356.62
330393,UNIVERSITY HOSPITAL ( STONY BROOK ),HEALTH SCIENCES CENTER SUNY,STONY BROOK,NY,11794,178 - RESPIRATORY INFECTIONS & INFLAMMATIONS W CC,NY - East Long Island,24,48750.54,15285.54,12430.5
330393,UNIVERSITY HOSPITAL ( STONY BROOK ),HEALTH SCIENCES CENTER SUNY,STONY BROOK,NY,11794,180 - RESPIRATORY NEOPLASMS W MCC,NY - East Long Island,16,76801.31,20857.63,16416.25
330393,UNIVERSITY HOSPITAL ( STONY BROOK ),HEALTH SCIENCES CENTER SUNY,STONY BROOK,NY,11794,181 - RESPIRATORY NEOPLASMS W CC,NY - East Long Island,15,44240.93,12476.2,9545.67
330393,UNIVERSITY HOSPITAL ( STONY BROOK ),HEALTH SCIENCES CENTER SUNY,STONY BROOK,NY,11794,184 - MAJOR CHEST TRAUMA W CC,NY - East Long Island,15,56029.33,12491.6,6171.0
330393,UNIVERSITY HOSPITAL ( STONY BROOK ),HEALTH SCIENCES CENTER SUNY,STONY BROOK,NY,11794,189 - PULMONARY EDEMA & RESPIRATORY FAILURE,NY - East Long Island,108,45740.78,13379.88,10275.9
330393,UNIVERSITY HOSPITAL ( STONY BROOK ),HEALTH SCIENCES CENTER SUNY,STONY BROOK,NY,11794,190 - CHRONIC OBSTRUCTIVE PULMONARY DISEASE W MCC,NY - East Long Island,55,43107.2,13227.4,9686.73
330393,UNIVERSITY HOSPITAL ( STONY BROOK ),HEALTH SCIENCES CENTER SUNY,STONY BROOK,NY,11794,191 - CHRONIC OBSTRUCTIVE PULMONARY DISEASE W CC,NY - East Long Island,30,35239.5,11363.7,7927.33
330393,UNIVERSITY HOSPITAL ( STONY BROOK ),HEALTH SCIENCES CENTER SUNY,STONY BROOK,NY,11794,192 - CHRONIC OBSTRUCTIVE PULMONARY DISEASE W/O CC/MCC,NY - East Long Island,18,24908.72,8276.83,6804.5
330393,UNIVERSITY HOSPITAL ( STONY BROOK ),HEALTH SCIENCES CENTER SUNY,STONY BROOK,NY,11794,193 - SIMPLE PNEUMONIA & PLEURISY W MCC,NY - East Long Island,73,53201.36,15935.05,12450.15
330393,UNIVERSITY HOSPITAL ( STONY BROOK ),HEALTH SCIENCES CENTER SUNY,STONY BROOK,NY,11794,194 - SIMPLE PNEUMONIA & PLEURISY W CC,NY - East Long Island,51,33937.88,10780.67,8370.59
330393,UNIVERSITY HOSPITAL ( STONY BROOK ),HEALTH SCIENCES CENTER SUNY,STONY BROOK,NY,11794,195 - SIMPLE PNEUMONIA & PLEURISY W/O CC/MCC,NY - East Long Island,19,24136.16,8586.37,5964.95
330393,UNIVERSITY HOSPITAL ( STONY BROOK ),HEALTH SCIENCES CENTER SUNY,STONY BROOK,NY,11794,200 - PNEUMOTHORAX W CC,NY - East Long Island,12,37491.17,11135.5,9254.75
330393,UNIVERSITY HOSPITAL ( STONY BROOK ),HEALTH SCIENCES CENTER SUNY,STONY BROOK,NY,11794,202 - BRONCHITIS & ASTHMA W CC/MCC,NY - East Long Island,20,23565.6,9698.95,8350.5
330393,UNIVERSITY HOSPITAL ( STONY BROOK ),HEALTH SCIENCES CENTER SUNY,STONY BROOK,NY,11794,204 - RESPIRATORY SIGNS & SYMPTOMS,NY - East Long Island,36,23222.14,8082.61,6181.11
330393,UNIVERSITY HOSPITAL ( STONY BROOK ),HEALTH SCIENCES CENTER SUNY,STONY BROOK,NY,11794,206 - OTHER RESPIRATORY SYSTEM DIAGNOSES W/O MCC,NY - East Long Island,18,35278.06,9627.06,6603.67
330393,UNIVERSITY HOSPITAL ( STONY BROOK ),HEALTH SCIENCES CENTER SUNY,STONY BROOK,NY,11794,207 - RESPIRATORY SYSTEM DIAGNOSIS W VENTILATOR SUPPORT 96+ HOURS,NY - East Long Island,20,179853.4,56284.7,49173.9
330393,UNIVERSITY HOSPITAL ( STONY BROOK ),HEALTH SCIENCES CENTER SUNY,STONY BROOK,NY,11794,208 - RESPIRATORY SYSTEM DIAGNOSIS W VENTILATOR SUPPORT <96 HOURS,NY - East Long Island,34,100805.56,29379.53,19073.94
330393,UNIVERSITY HOSPITAL ( STONY BROOK ),HEALTH SCIENCES CENTER SUNY,STONY BROOK,NY,11794,216 - CARDIAC VALVE & OTH MAJ CARDIOTHORACIC PROC W CARD CATH W MCC,NY - East Long Island,45,251661.11,92679.84,77210.62
330393,UNIVERSITY HOSPITAL ( STONY BROOK ),HEALTH SCIENCES CENTER SUNY,STONY BROOK,NY,11794,217 - CARDIAC VALVE & OTH MAJ CARDIOTHORACIC PROC W CARD CATH W CC,NY - East Long Island,50,175963.18,61071.92,53602.06
330393,UNIVERSITY HOSPITAL ( STONY BROOK ),HEALTH SCIENCES CENTER SUNY,STONY BROOK,NY,11794,219 - CARDIAC VALVE & OTH MAJ CARDIOTHORACIC PROC W/O CARD CATH W MCC,NY - East Long Island,30,234652.2,74492.0,70139.57
330393,UNIVERSITY HOSPITAL ( STONY BROOK ),HEALTH SCIENCES CENTER SUNY,STONY BROOK,NY,11794,220 - CARDIAC VALVE & OTH MAJ CARDIOTHORACIC PROC W/O CARD CATH W CC,NY - East Long Island,40,145718.63,50201.85,45351.48
330393,UNIVERSITY HOSPITAL ( STONY BROOK ),HEALTH SCIENCES CENTER SUNY,STONY BROOK,NY,11794,226 - CARDIAC DEFIBRILLATOR IMPLANT W/O CARDIAC CATH W MCC,NY - East Long Island,13,273282.69,73685.38,68968.62
330393,UNIVERSITY HOSPITAL ( STONY BROOK ),HEALTH SCIENCES CENTER SUNY,STONY BROOK,NY,11794,227 - CARDIAC DEFIBRILLATOR IMPLANT W/O CARDIAC CATH W/O MCC,NY - East Long Island,27,154472.3,50893.89,43863.26
330393,UNIVERSITY HOSPITAL ( STONY BROOK ),HEALTH SCIENCES CENTER SUNY,STONY BROOK,NY,11794,233 - CORONARY BYPASS W CARDIAC CATH W MCC,NY - East Long Island,27,232786.3,73199.96,64302.04
330393,UNIVERSITY HOSPITAL ( STONY BROOK ),HEALTH SCIENCES CENTER SUNY,STONY BROOK,NY,11794,234 - CORONARY BYPASS W CARDIAC CATH W/O MCC,NY - East Long Island,71,144752.25,47680.48,39549.49
330393,UNIVERSITY HOSPITAL ( STONY BROOK ),HEALTH SCIENCES CENTER SUNY,STONY BROOK,NY,11794,236 - CORONARY BYPASS W/O CARDIAC CATH W/O MCC,NY - East Long Island,43,118337.88,38046.63,30831.35
330393,UNIVERSITY HOSPITAL ( STONY BROOK ),HEALTH SCIENCES CENTER SUNY,STONY BROOK,NY,11794,237 - MAJOR CARDIOVASC PROCEDURES W MCC,NY - East Long Island,33,148164.21,54199.36,43363.64
330393,UNIVERSITY HOSPITAL ( STONY BROOK ),HEALTH SCIENCES CENTER SUNY,STONY BROOK,NY,11794,238 - MAJOR CARDIOVASC PROCEDURES W/O MCC,NY - East Long Island,53,69181.25,32735.77,30934.77
330393,UNIVERSITY HOSPITAL ( STONY BROOK ),HEALTH SCIENCES CENTER SUNY,STONY BROOK,NY,11794,239 - AMPUTATION FOR CIRC SYS DISORDERS EXC UPPER LIMB & TOE W MCC,NY - East Long Island,11,137639.55,42548.45,37555.45
330393,UNIVERSITY HOSPITAL ( STONY BROOK ),HEALTH SCIENCES CENTER SUNY,STONY BROOK,NY,11794,242 - PERMANENT CARDIAC PACEMAKER IMPLANT W MCC,NY - East Long Island,26,126758.5,40045.92,30776.15
330393,UNIVERSITY HOSPITAL ( STONY BROOK ),HEALTH SCIENCES CENTER SUNY,STONY BROOK,NY,11794,243 - PERMANENT CARDIAC PACEMAKER IMPLANT W CC,NY - East Long Island,48,99777.54,26728.23,22988.19
330393,UNIVERSITY HOSPITAL ( STONY BROOK ),HEALTH SCIENCES CENTER SUNY,STONY BROOK,NY,11794,244 - PERMANENT CARDIAC PACEMAKER IMPLANT W/O CC/MCC,NY - East Long Island,29,78632.76,22094.07,18740.83
330393,UNIVERSITY HOSPITAL ( STONY BROOK ),HEALTH SCIENCES CENTER SUNY,STONY BROOK,NY,11794,246 - PERC CARDIOVASC PROC W DRUG-ELUTING STENT W MCC OR 4+ VESSELS/STENTS,NY - East Long Island,104,115999.37,36993.97,28240.36
330393,UNIVERSITY HOSPITAL ( STONY BROOK ),HEALTH SCIENCES CENTER SUNY,STONY BROOK,NY,11794,247 - PERC CARDIOVASC PROC W DRUG-ELUTING STENT W/O MCC,NY - East Long Island,220,71340.73,22357.21,16645.41
330393,UNIVERSITY HOSPITAL ( STONY BROOK ),HEALTH SCIENCES CENTER SUNY,STONY BROOK,NY,11794,248 - PERC CARDIOVASC PROC W NON-DRUG-ELUTING STENT W MCC OR 4+ VES/STENTS,NY - East Long Island,15,100849.93,31181.4,28761.87
330393,UNIVERSITY HOSPITAL ( STONY BROOK ),HEALTH SCIENCES CENTER SUNY,STONY BROOK,NY,11794,249 - PERC CARDIOVASC PROC W NON-DRUG-ELUTING STENT W/O MCC,NY - East Long Island,18,63726.0,21311.67,16196.5
330393,UNIVERSITY HOSPITAL ( STONY BROOK ),HEALTH SCIENCES CENTER SUNY,STONY BROOK,NY,11794,250 - PERC CARDIOVASC PROC W/O CORONARY ARTERY STENT W MCC,NY - East Long Island,22,138109.27,33863.45,31044.64
330393,UNIVERSITY HOSPITAL ( STONY BROOK ),HEALTH SCIENCES CENTER SUNY,STONY BROOK,NY,11794,251 - PERC CARDIOVASC PROC W/O CORONARY ARTERY STENT W/O MCC,NY - East Long Island,56,96987.96,21051.46,18703.84
330393,UNIVERSITY HOSPITAL ( STONY BROOK ),HEALTH SCIENCES CENTER SUNY,STONY BROOK,NY,11794,252 - OTHER VASCULAR PROCEDURES W MCC,NY - East Long Island,35,141273.97,37577.46,32344.26
330393,UNIVERSITY HOSPITAL ( STONY BROOK ),HEALTH SCIENCES CENTER SUNY,STONY BROOK,NY,11794,253 - OTHER VASCULAR PROCEDURES W CC,NY - East Long Island,44,80795.0,26015.11,23528.68
330393,UNIVERSITY HOSPITAL ( STONY BROOK ),HEALTH SCIENCES CENTER SUNY,STONY BROOK,NY,11794,254 - OTHER VASCULAR PROCEDURES W/O CC/MCC,NY - East Long Island,28,47448.89,17645.86,15288.5
330393,UNIVERSITY HOSPITAL ( STONY BROOK ),HEALTH SCIENCES CENTER SUNY,STONY BROOK,NY,11794,264 - OTHER CIRCULATORY SYSTEM O.R. PROCEDURES,NY - East Long Island,21,108215.14,30166.38,26758.62
330393,UNIVERSITY HOSPITAL ( STONY BROOK ),HEALTH SCIENCES CENTER SUNY,STONY BROOK,NY,11794,266 - ENDOVASCULAR CARDIAC VALVE REPLACEMENT W MCC,NY - East Long Island,16,297508.0,88382.63,83533.44
330393,UNIVERSITY HOSPITAL ( STONY BROOK ),HEALTH SCIENCES CENTER SUNY,STONY BROOK,NY,11794,267 - ENDOVASCULAR CARDIAC VALVE REPLACEMENT W/O MCC,NY - East Long Island,22,181595.55,63035.27,60369.27
330393,UNIVERSITY HOSPITAL ( STONY BROOK ),HEALTH SCIENCES CENTER SUNY,STONY BROOK,NY,11794,"280 - ACUTE MYOCARDIAL INFARCTION, DISCHARGED ALIVE W MCC",NY - East Long Island,81,68617.49,19687.81,14884.86
330393,UNIVERSITY HOSPITAL ( STONY BROOK ),HEALTH SCIENCES CENTER SUNY,STONY BROOK,NY,11794,"281 - ACUTE MYOCARDIAL INFARCTION, DISCHARGED ALIVE W CC",NY - East Long Island,66,36587.92,11055.94,9388.06
330393,UNIVERSITY HOSPITAL ( STONY BROOK ),HEALTH SCIENCES CENTER SUNY,STONY BROOK,NY,11794,"282 - ACUTE MYOCARDIAL INFARCTION, DISCHARGED ALIVE W/O CC/MCC",NY - East Long Island,19,26116.74,8239.63,6836.16
330393,UNIVERSITY HOSPITAL ( STONY BROOK ),HEALTH SCIENCES CENTER SUNY,STONY BROOK,NY,11794,"283 - ACUTE MYOCARDIAL INFARCTION, EXPIRED W MCC",NY - East Long Island,12,132725.67,31054.33,23297.58
330393,UNIVERSITY HOSPITAL ( STONY BROOK ),HEALTH SCIENCES CENTER SUNY,STONY BROOK,NY,11794,"286 - CIRCULATORY DISORDERS EXCEPT AMI, W CARD CATH W MCC",NY - East Long Island,60,88302.23,27576.82,20800.25
330393,UNIVERSITY HOSPITAL ( STONY BROOK ),HEALTH SCIENCES CENTER SUNY,STONY BROOK,NY,11794,"287 - CIRCULATORY DISORDERS EXCEPT AMI, W CARD CATH W/O MCC",NY - East Long Island,221,36380.11,12166.01,10038.6
330393,UNIVERSITY HOSPITAL ( STONY BROOK ),HEALTH SCIENCES CENTER SUNY,STONY BROOK,NY,11794,291 - HEART FAILURE & SHOCK W MCC,NY - East Long Island,195,56688.88,16561.05,13740.0
330393,UNIVERSITY HOSPITAL ( STONY BROOK ),HEALTH SCIENCES CENTER SUNY,STONY BROOK,NY,11794,292 - HEART FAILURE & SHOCK W CC,NY - East Long Island,192,41367.05,11424.85,8876.76
330393,UNIVERSITY HOSPITAL ( STONY BROOK ),HEALTH SCIENCES CENTER SUNY,STONY BROOK,NY,11794,293 - HEART FAILURE & SHOCK W/O CC/MCC,NY - East Long Island,70,23131.59,7769.97,6175.23
330393,UNIVERSITY HOSPITAL ( STONY BROOK ),HEALTH SCIENCES CENTER SUNY,STONY BROOK,NY,11794,299 - PERIPHERAL VASCULAR DISORDERS W MCC,NY - East Long Island,24,77536.33,17058.67,13327.58
330393,UNIVERSITY HOSPITAL ( STONY BROOK ),HEALTH SCIENCES CENTER SUNY,STONY BROOK,NY,11794,300 - PERIPHERAL VASCULAR DISORDERS W CC,NY - East Long Island,38,39143.68,10866.39,8016.11
330393,UNIVERSITY HOSPITAL ( STONY BROOK ),HEALTH SCIENCES CENTER SUNY,STONY BROOK,NY,11794,303 - ATHEROSCLEROSIS W/O MCC,NY - East Long Island,71,22530.24,7460.89,5046.55
330393,UNIVERSITY HOSPITAL ( STONY BROOK ),HEALTH SCIENCES CENTER SUNY,STONY BROOK,NY,11794,305 - HYPERTENSION W/O MCC,NY - East Long Island,28,23163.04,7461.29,5494.43
330393,UNIVERSITY HOSPITAL ( STONY BROOK ),HEALTH SCIENCES CENTER SUNY,STONY BROOK,NY,11794,308 - CARDIAC ARRHYTHMIA & CONDUCTION DISORDERS W MCC,NY - East Long Island,57,54217.39,15903.02,11253.49
330393,UNIVERSITY HOSPITAL ( STONY BROOK ),HEALTH SCIENCES CENTER SUNY,STONY BROOK,NY,11794,309 - CARDIAC ARRHYTHMIA & CONDUCTION DISORDERS W CC,NY - East Long Island,97,27435.67,8984.14,6893.48
330393,UNIVERSITY HOSPITAL ( STONY BROOK ),HEALTH SCIENCES CENTER SUNY,STONY BROOK,NY,11794,310 - CARDIAC ARRHYTHMIA & CONDUCTION DISORDERS W/O CC/MCC,NY - East Long Island,89,22473.87,6796.27,4718.87
330393,UNIVERSITY HOSPITAL ( STONY BROOK ),HEALTH SCIENCES CENTER SUNY,STONY BROOK,NY,11794,312 - SYNCOPE & COLLAPSE,NY - East Long Island,107,27326.33,8516.03,6793.68
330393,UNIVERSITY HOSPITAL ( STONY BROOK ),HEALTH SCIENCES CENTER SUNY,STONY BROOK,NY,11794,313 - CHEST PAIN,NY - East Long Island,118,20174.49,7086.6,5396.69
330393,UNIVERSITY HOSPITAL ( STONY BROOK ),HEALTH SCIENCES CENTER SUNY,STONY BROOK,NY,11794,314 - OTHER CIRCULATORY SYSTEM DIAGNOSES W MCC,NY - East Long Island,60,82688.3,22896.22,19923.97
330393,UNIVERSITY HOSPITAL ( STONY BROOK ),HEALTH SCIENCES CENTER SUNY,STONY BROOK,NY,11794,315 - OTHER CIRCULATORY SYSTEM DIAGNOSES W CC,NY - East Long Island,31,61643.29,12012.45,8998.32
330393,UNIVERSITY HOSPITAL ( STONY BROOK ),HEALTH SCIENCES CENTER SUNY,STONY BROOK,NY,11794,316 - OTHER CIRCULATORY SYSTEM DIAGNOSES W/O CC/MCC,NY - East Long Island,15,22092.8,7095.2,5424.2
330393,UNIVERSITY HOSPITAL ( STONY BROOK ),HEALTH SCIENCES CENTER SUNY,STONY BROOK,NY,11794,"326 - STOMACH, ESOPHAGEAL & DUODENAL PROC W MCC",NY - East Long Island,13,200122.69,70404.08,45965.23
330393,UNIVERSITY HOSPITAL ( STONY BROOK ),HEALTH SCIENCES CENTER SUNY,STONY BROOK,NY,11794,"327 - STOMACH, ESOPHAGEAL & DUODENAL PROC W CC",NY - East Long Island,11,59432.64,26292.64,24090.82
330393,UNIVERSITY HOSPITAL ( STONY BROOK ),HEALTH SCIENCES CENTER SUNY,STONY BROOK,NY,11794,"328 - STOMACH, ESOPHAGEAL & DUODENAL PROC W/O CC/MCC",NY - East Long Island,18,35877.44,15699.33,12718.83
330393,UNIVERSITY HOSPITAL ( STONY BROOK ),HEALTH SCIENCES CENTER SUNY,STONY BROOK,NY,11794,329 - MAJOR SMALL & LARGE BOWEL PROCEDURES W MCC,NY - East Long Island,45,228799.69,56549.76,47545.38
330393,UNIVERSITY HOSPITAL ( STONY BROOK ),HEALTH SCIENCES CENTER SUNY,STONY BROOK,NY,11794,330 - MAJOR SMALL & LARGE BOWEL PROCEDURES W CC,NY - East Long Island,45,83528.76,26541.42,19595.84
330393,UNIVERSITY HOSPITAL ( STONY BROOK ),HEALTH SCIENCES CENTER SUNY,STONY BROOK,NY,11794,331 - MAJOR SMALL & LARGE BOWEL PROCEDURES W/O CC/MCC,NY - East Long Island,15,72404.4,18304.07,14070.87
330393,UNIVERSITY HOSPITAL ( STONY BROOK ),HEALTH SCIENCES CENTER SUNY,STONY BROOK,NY,11794,336 - PERITONEAL ADHESIOLYSIS W CC,NY - East Long Island,19,80822.42,24385.95,21165.84
330393,UNIVERSITY HOSPITAL ( STONY BROOK ),HEALTH SCIENCES CENTER SUNY,STONY BROOK,NY,11794,337 - PERITONEAL ADHESIOLYSIS W/O CC/MCC,NY - East Long Island,12,38728.33,17116.5,11774.25
330393,UNIVERSITY HOSPITAL ( STONY BROOK ),HEALTH SCIENCES CENTER SUNY,STONY BROOK,NY,11794,355 - HERNIA PROCEDURES EXCEPT INGUINAL & FEMORAL W/O CC/MCC,NY - East Long Island,12,30589.08,12860.58,11340.17
330393,UNIVERSITY HOSPITAL ( STONY BROOK ),HEALTH SCIENCES CENTER SUNY,STONY BROOK,NY,11794,371 - MAJOR GASTROINTESTINAL DISORDERS & PERITONEAL INFECTIONS W MCC,NY - East Long Island,32,72195.19,21015.75,18166.81
330393,UNIVERSITY HOSPITAL ( STONY BROOK ),HEALTH SCIENCES CENTER SUNY,STONY BROOK,NY,11794,372 - MAJOR GASTROINTESTINAL DISORDERS & PERITONEAL INFECTIONS W CC,NY - East Long Island,30,50453.1,13283.67,10203.8
330393,UNIVERSITY HOSPITAL ( STONY BROOK ),HEALTH SCIENCES CENTER SUNY,STONY BROOK,NY,11794,374 - DIGESTIVE MALIGNANCY W MCC,NY - East Long Island,26,65918.62,21461.08,17891.04
330393,UNIVERSITY HOSPITAL ( STONY BROOK ),HEALTH SCIENCES CENTER SUNY,STONY BROOK,NY,11794,375 - DIGESTIVE MALIGNANCY W CC,NY - East Long Island,14,43364.21,13470.71,11136.64
330393,UNIVERSITY HOSPITAL ( STONY BROOK ),HEALTH SCIENCES CENTER SUNY,STONY BROOK,NY,11794,377 - G.I. HEMORRHAGE W MCC,NY - East Long Island,52,77230.5,19690.42,17218.21
330393,UNIVERSITY HOSPITAL ( STONY BROOK ),HEALTH SCIENCES CENTER SUNY,STONY BROOK,NY,11794,378 - G.I. HEMORRHAGE W CC,NY - East Long Island,111,45140.56,11562.43,8952.54
330393,UNIVERSITY HOSPITAL ( STONY BROOK ),HEALTH SCIENCES CENTER SUNY,STONY BROOK,NY,11794,379 - G.I. HEMORRHAGE W/O CC/MCC,NY - East Long Island,20,22559.9,7772.5,6208.85
330393,UNIVERSITY HOSPITAL ( STONY BROOK ),HEALTH SCIENCES CENTER SUNY,STONY BROOK,NY,11794,388 - G.I. OBSTRUCTION W MCC,NY - East Long Island,11,41084.09,16976.82,15118.73
330393,UNIVERSITY HOSPITAL ( STONY BROOK ),HEALTH SCIENCES CENTER SUNY,STONY BROOK,NY,11794,389 - G.I. OBSTRUCTION W CC,NY - East Long Island,33,47020.7,11002.36,7510.39
330393,UNIVERSITY HOSPITAL ( STONY BROOK ),HEALTH SCIENCES CENTER SUNY,STONY BROOK,NY,11794,390 - G.I. OBSTRUCTION W/O CC/MCC,NY - East Long Island,28,38531.89,8903.86,4989.54
330393,UNIVERSITY HOSPITAL ( STONY BROOK ),HEALTH SCIENCES CENTER SUNY,STONY BROOK,NY,11794,"391 - ESOPHAGITIS, GASTROENT & MISC DIGEST DISORDERS W MCC",NY - East Long Island,61,54472.2,15930.51,12512.56
330393,UNIVERSITY HOSPITAL ( STONY BROOK ),HEALTH SCIENCES CENTER SUNY,STONY BROOK,NY,11794,"392 - ESOPHAGITIS, GASTROENT & MISC DIGEST DISORDERS W/O MCC",NY - East Long Island,136,30099.26,9232.26,6777.06
330393,UNIVERSITY HOSPITAL ( STONY BROOK ),HEALTH SCIENCES CENTER SUNY,STONY BROOK,NY,11794,393 - OTHER DIGESTIVE SYSTEM DIAGNOSES W MCC,NY - East Long Island,28,55587.93,18054.89,14319.46
330393,UNIVERSITY HOSPITAL ( STONY BROOK ),HEALTH SCIENCES CENTER SUNY,STONY BROOK,NY,11794,394 - OTHER DIGESTIVE SYSTEM DIAGNOSES W CC,NY - East Long Island,39,38489.46,11067.15,7817.51
330393,UNIVERSITY HOSPITAL ( STONY BROOK ),HEALTH SCIENCES CENTER SUNY,STONY BROOK,NY,11794,395 - OTHER DIGESTIVE SYSTEM DIAGNOSES W/O CC/MCC,NY - East Long Island,14,18167.0,7842.93,5807.07
330393,UNIVERSITY HOSPITAL ( STONY BROOK ),HEALTH SCIENCES CENTER SUNY,STONY BROOK,NY,11794,418 - LAPAROSCOPIC CHOLECYSTECTOMY W/O C.D.E. W CC,NY - East Long Island,17,40876.12,16937.0,15026.0
330393,UNIVERSITY HOSPITAL ( STONY BROOK ),HEALTH SCIENCES CENTER SUNY,STONY BROOK,NY,11794,419 - LAPAROSCOPIC CHOLECYSTECTOMY W/O C.D.E. W/O CC/MCC,NY - East Long Island,15,35255.67,12837.4,11118.53
330393,UNIVERSITY HOSPITAL ( STONY BROOK ),HEALTH SCIENCES CENTER SUNY,STONY BROOK,NY,11794,432 - CIRRHOSIS & ALCOHOLIC HEPATITIS W MCC,NY - East Long Island,11,105494.91,20317.64,13745.55
330393,UNIVERSITY HOSPITAL ( STONY BROOK ),HEALTH SCIENCES CENTER SUNY,STONY BROOK,NY,11794,435 - MALIGNANCY OF HEPATOBILIARY SYSTEM OR PANCREAS W MCC,NY - East Long Island,24,65917.92,20330.5,15967.58
330393,UNIVERSITY HOSPITAL ( STONY BROOK ),HEALTH SCIENCES CENTER SUNY,STONY BROOK,NY,11794,438 - DISORDERS OF PANCREAS EXCEPT MALIGNANCY W MCC,NY - East Long Island,15,46757.47,18587.8,13645.27
330393,UNIVERSITY HOSPITAL ( STONY BROOK ),HEALTH SCIENCES CENTER SUNY,STONY BROOK,NY,11794,439 - DISORDERS OF PANCREAS EXCEPT MALIGNANCY W CC,NY - East Long Island,18,26082.67,10615.33,7335.72
330393,UNIVERSITY HOSPITAL ( STONY BROOK ),HEALTH SCIENCES CENTER SUNY,STONY BROOK,NY,11794,440 - DISORDERS OF PANCREAS EXCEPT MALIGNANCY W/O CC/MCC,NY - East Long Island,15,27091.0,8023.13,4299.0
330393,UNIVERSITY HOSPITAL ( STONY BROOK ),HEALTH SCIENCES CENTER SUNY,STONY BROOK,NY,11794,"441 - DISORDERS OF LIVER EXCEPT MALIG,CIRR,ALC HEPA W MCC",NY - East Long Island,24,83254.33,23461.92,16818.67
330393,UNIVERSITY HOSPITAL ( STONY BROOK ),HEALTH SCIENCES CENTER SUNY,STONY BROOK,NY,11794,444 - DISORDERS OF THE BILIARY TRACT W MCC,NY - East Long Island,15,46159.67,19023.47,14102.73
330393,UNIVERSITY HOSPITAL ( STONY BROOK ),HEALTH SCIENCES CENTER SUNY,STONY BROOK,NY,11794,445 - DISORDERS OF THE BILIARY TRACT W CC,NY - East Long Island,17,39315.94,11751.41,9892.12
330393,UNIVERSITY HOSPITAL ( STONY BROOK ),HEALTH SCIENCES CENTER SUNY,STONY BROOK,NY,11794,460 - SPINAL FUSION EXCEPT CERVICAL W/O MCC,NY - East Long Island,77,77073.12,38568.81,30412.44
330393,UNIVERSITY HOSPITAL ( STONY BROOK ),HEALTH SCIENCES CENTER SUNY,STONY BROOK,NY,11794,468 - REVISION OF HIP OR KNEE REPLACEMENT W/O CC/MCC,NY - East Long Island,13,61345.31,26956.15,25058.77
330393,UNIVERSITY HOSPITAL ( STONY BROOK ),HEALTH SCIENCES CENTER SUNY,STONY BROOK,NY,11794,469 - MAJOR JOINT REPLACEMENT OR REATTACHMENT OF LOWER EXTREMITY W MCC,NY - East Long Island,29,119166.28,34417.76,29223.62
330393,UNIVERSITY HOSPITAL ( STONY BROOK ),HEALTH SCIENCES CENTER SUNY,STONY BROOK,NY,11794,470 - MAJOR JOINT REPLACEMENT OR REATTACHMENT OF LOWER EXTREMITY W/O MCC,NY - East Long Island,286,47552.37,21330.18,16773.05
330393,UNIVERSITY HOSPITAL ( STONY BROOK ),HEALTH SCIENCES CENTER SUNY,STONY BROOK,NY,11794,473 - CERVICAL SPINAL FUSION W/O CC/MCC,NY - East Long Island,29,51337.1,23467.83,17466.97
330393,UNIVERSITY HOSPITAL ( STONY BROOK ),HEALTH SCIENCES CENTER SUNY,STONY BROOK,NY,11794,478 - BIOPSIES OF MUSCULOSKELETAL SYSTEM & CONNECTIVE TISSUE W CC,NY - East Long Island,15,76775.07,23031.87,19871.8
330393,UNIVERSITY HOSPITAL ( STONY BROOK ),HEALTH SCIENCES CENTER SUNY,STONY BROOK,NY,11794,480 - HIP & FEMUR PROCEDURES EXCEPT MAJOR JOINT W MCC,NY - East Long Island,21,94323.29,29834.38,26882.86
330393,UNIVERSITY HOSPITAL ( STONY BROOK ),HEALTH SCIENCES CENTER SUNY,STONY BROOK,NY,11794,481 - HIP & FEMUR PROCEDURES EXCEPT MAJOR JOINT W CC,NY - East Long Island,62,71139.31,20361.37,17537.29
330393,UNIVERSITY HOSPITAL ( STONY BROOK ),HEALTH SCIENCES CENTER SUNY,STONY BROOK,NY,11794,482 - HIP & FEMUR PROCEDURES EXCEPT MAJOR JOINT W/O CC/MCC,NY - East Long Island,22,61660.36,17314.18,12638.05
330393,UNIVERSITY HOSPITAL ( STONY BROOK ),HEALTH SCIENCES CENTER SUNY,STONY BROOK,NY,11794,483 - MAJOR JOINT/LIMB REATTACHMENT PROCEDURE OF UPPER EXTREMITIES,NY - East Long Island,29,81642.66,25546.21,21856.0
330393,UNIVERSITY HOSPITAL ( STONY BROOK ),HEALTH SCIENCES CENTER SUNY,STONY BROOK,NY,11794,"493 - LOWER EXTREM & HUMER PROC EXCEPT HIP,FOOT,FEMUR W CC",NY - East Long Island,20,89275.05,21786.5,16616.55
330393,UNIVERSITY HOSPITAL ( STONY BROOK ),HEALTH SCIENCES CENTER SUNY,STONY BROOK,NY,11794,"494 - LOWER EXTREM & HUMER PROC EXCEPT HIP,FOOT,FEMUR W/O CC/MCC",NY - East Long Island,22,48853.0,15404.0,12396.95
330393,UNIVERSITY HOSPITAL ( STONY BROOK ),HEALTH SCIENCES CENTER SUNY,STONY BROOK,NY,11794,520 - BACK & NECK PROC EXC SPINAL FUSION W/O CC/MCC,NY - East Long Island,24,31811.5,12142.29,9806.46
330393,UNIVERSITY HOSPITAL ( STONY BROOK ),HEALTH SCIENCES CENTER SUNY,STONY BROOK,NY,11794,535 - FRACTURES OF HIP & PELVIS W MCC,NY - East Long Island,13,47190.92,13314.0,10290.08
330393,UNIVERSITY HOSPITAL ( STONY BROOK ),HEALTH SCIENCES CENTER SUNY,STONY BROOK,NY,11794,536 - FRACTURES OF HIP & PELVIS W/O MCC,NY - East Long Island,30,41019.63,9806.8,5846.23
330393,UNIVERSITY HOSPITAL ( STONY BROOK ),HEALTH SCIENCES CENTER SUNY,STONY BROOK,NY,11794,542 - PATHOLOGICAL FRACTURES & MUSCULOSKELET & CONN TISS MALIG W MCC,NY - East Long Island,14,57445.64,23392.5,13503.29
330393,UNIVERSITY HOSPITAL ( STONY BROOK ),HEALTH SCIENCES CENTER SUNY,STONY BROOK,NY,11794,543 - PATHOLOGICAL FRACTURES & MUSCULOSKELET & CONN TISS MALIG W CC,NY - East Long Island,19,58469.58,18274.53,9551.0
330393,UNIVERSITY HOSPITAL ( STONY BROOK ),HEALTH SCIENCES CENTER SUNY,STONY BROOK,NY,11794,545 - CONNECTIVE TISSUE DISORDERS W MCC,NY - East Long Island,11,61490.91,24227.36,22204.36
330393,UNIVERSITY HOSPITAL ( STONY BROOK ),HEALTH SCIENCES CENTER SUNY,STONY BROOK,NY,11794,551 - MEDICAL BACK PROBLEMS W MCC,NY - East Long Island,22,71162.86,18116.18,14367.32
330393,UNIVERSITY HOSPITAL ( STONY BROOK ),HEALTH SCIENCES CENTER SUNY,STONY BROOK,NY,11794,552 - MEDICAL BACK PROBLEMS W/O MCC,NY - East Long Island,81,40126.68,10149.72,7600.22
330393,UNIVERSITY HOSPITAL ( STONY BROOK ),HEALTH SCIENCES CENTER SUNY,STONY BROOK,NY,11794,554 - BONE DISEASES & ARTHROPATHIES W/O MCC,NY - East Long Island,16,34167.31,8783.63,6736.38
330393,UNIVERSITY HOSPITAL ( STONY BROOK ),HEALTH SCIENCES CENTER SUNY,STONY BROOK,NY,11794,556 - SIGNS & SYMPTOMS OF MUSCULOSKELETAL SYSTEM & CONN TISSUE W/O MCC,NY - East Long Island,21,35182.0,8659.43,6216.24
330393,UNIVERSITY HOSPITAL ( STONY BROOK ),HEALTH SCIENCES CENTER SUNY,STONY BROOK,NY,11794,"563 - FX, SPRN, STRN & DISL EXCEPT FEMUR, HIP, PELVIS & THIGH W/O MCC",NY - East Long Island,28,44375.93,9733.32,6725.68
330393,UNIVERSITY HOSPITAL ( STONY BROOK ),HEALTH SCIENCES CENTER SUNY,STONY BROOK,NY,11794,"580 - OTHER SKIN, SUBCUT TISS & BREAST PROC W CC",NY - East Long Island,11,38138.91,15114.0,13462.0
330393,UNIVERSITY HOSPITAL ( STONY BROOK ),HEALTH SCIENCES CENTER SUNY,STONY BROOK,NY,11794,"581 - OTHER SKIN, SUBCUT TISS & BREAST PROC W/O CC/MCC",NY - East Long Island,36,31524.11,11246.94,9585.86
330393,UNIVERSITY HOSPITAL ( STONY BROOK ),HEALTH SCIENCES CENTER SUNY,STONY BROOK,NY,11794,583 - MASTECTOMY FOR MALIGNANCY W/O CC/MCC,NY - East Long Island,13,42064.15,12416.23,9139.85
330393,UNIVERSITY HOSPITAL ( STONY BROOK ),HEALTH SCIENCES CENTER SUNY,STONY BROOK,NY,11794,602 - CELLULITIS W MCC,NY - East Long Island,21,50640.81,15109.81,12776.81
330393,UNIVERSITY HOSPITAL ( STONY BROOK ),HEALTH SCIENCES CENTER SUNY,STONY BROOK,NY,11794,603 - CELLULITIS W/O MCC,NY - East Long Island,100,33152.68,9975.47,7158.28
330393,UNIVERSITY HOSPITAL ( STONY BROOK ),HEALTH SCIENCES CENTER SUNY,STONY BROOK,NY,11794,"605 - TRAUMA TO THE SKIN, SUBCUT TISS & BREAST W/O MCC",NY - East Long Island,27,27876.63,8798.56,7132.11
330393,UNIVERSITY HOSPITAL ( STONY BROOK ),HEALTH SCIENCES CENTER SUNY,STONY BROOK,NY,11794,"617 - AMPUTAT OF LOWER LIMB FOR ENDOCRINE,NUTRIT,& METABOL DIS W CC",NY - East Long Island,12,66404.5,20161.08,17177.0
330393,UNIVERSITY HOSPITAL ( STONY BROOK ),HEALTH SCIENCES CENTER SUNY,STONY BROOK,NY,11794,621 - O.R. PROCEDURES FOR OBESITY W/O CC/MCC,NY - East Long Island,15,28094.73,15314.73,13924.73
330393,UNIVERSITY HOSPITAL ( STONY BROOK ),HEALTH SCIENCES CENTER SUNY,STONY BROOK,NY,11794,637 - DIABETES W MCC,NY - East Long Island,17,92136.12,25077.71,18167.24
330393,UNIVERSITY HOSPITAL ( STONY BROOK ),HEALTH SCIENCES CENTER SUNY,STONY BROOK,NY,11794,638 - DIABETES W CC,NY - East Long Island,35,42087.09,12084.06,8718.46
330393,UNIVERSITY HOSPITAL ( STONY BROOK ),HEALTH SCIENCES CENTER SUNY,STONY BROOK,NY,11794,639 - DIABETES W/O CC/MCC,NY - East Long Island,11,25136.64,7241.82,5747.82
330393,UNIVERSITY HOSPITAL ( STONY BROOK ),HEALTH SCIENCES CENTER SUNY,STONY BROOK,NY,11794,"640 - MISC DISORDERS OF NUTRITION,METABOLISM,FLUIDS/ELECTROLYTES W MCC",NY - East Long Island,63,42075.43,12939.35,9765.16
330393,UNIVERSITY HOSPITAL ( STONY BROOK ),HEALTH SCIENCES CENTER SUNY,STONY BROOK,NY,11794,"641 - MISC DISORDERS OF NUTRITION,METABOLISM,FLUIDS/ELECTROLYTES W/O MCC",NY - East Long Island,86,33276.13,10317.85,6423.7
330393,UNIVERSITY HOSPITAL ( STONY BROOK ),HEALTH SCIENCES CENTER SUNY,STONY BROOK,NY,11794,644 - ENDOCRINE DISORDERS W CC,NY - East Long Island,11,39227.64,11561.82,9603.64
330393,UNIVERSITY HOSPITAL ( STONY BROOK ),HEALTH SCIENCES CENTER SUNY,STONY BROOK,NY,11794,652 - KIDNEY TRANSPLANT,NY - East Long Island,47,196051.02,39687.91,29082.45
330393,UNIVERSITY HOSPITAL ( STONY BROOK ),HEALTH SCIENCES CENTER SUNY,STONY BROOK,NY,11794,656 - KIDNEY & URETER PROCEDURES FOR NEOPLASM W MCC,NY - East Long Island,13,168317.08,44841.15,40378.46
330393,UNIVERSITY HOSPITAL ( STONY BROOK ),HEALTH SCIENCES CENTER SUNY,STONY BROOK,NY,11794,657 - KIDNEY & URETER PROCEDURES FOR NEOPLASM W CC,NY - East Long Island,25,56903.92,20650.08,17346.28
330393,UNIVERSITY HOSPITAL ( STONY BROOK ),HEALTH SCIENCES CENTER SUNY,STONY BROOK,NY,11794,659 - KIDNEY & URETER PROCEDURES FOR NON-NEOPLASM W MCC,NY - East Long Island,22,107478.73,41010.77,26691.23
330393,UNIVERSITY HOSPITAL ( STONY BROOK ),HEALTH SCIENCES CENTER SUNY,STONY BROOK,NY,11794,660 - KIDNEY & URETER PROCEDURES FOR NON-NEOPLASM W CC,NY - East Long Island,24,57737.63,19712.67,14686.25
330393,UNIVERSITY HOSPITAL ( STONY BROOK ),HEALTH SCIENCES CENTER SUNY,STONY BROOK,NY,11794,673 - OTHER KIDNEY & URINARY TRACT PROCEDURES W MCC,NY - East Long Island,22,181387.59,60246.41,34830.77
330393,UNIVERSITY HOSPITAL ( STONY BROOK ),HEALTH SCIENCES CENTER SUNY,STONY BROOK,NY,11794,674 - OTHER KIDNEY & URINARY TRACT PROCEDURES W CC,NY - East Long Island,12,89944.33,24231.17,21282.33
330393,UNIVERSITY HOSPITAL ( STONY BROOK ),HEALTH SCIENCES CENTER SUNY,STONY BROOK,NY,11794,682 - RENAL FAILURE W MCC,NY - East Long Island,86,69925.08,17604.67,14419.66
330393,UNIVERSITY HOSPITAL ( STONY BROOK ),HEALTH SCIENCES CENTER SUNY,STONY BROOK,NY,11794,683 - RENAL FAILURE W CC,NY - East Long Island,98,35762.76,11791.85,7973.49
330393,UNIVERSITY HOSPITAL ( STONY BROOK ),HEALTH SCIENCES CENTER SUNY,STONY BROOK,NY,11794,684 - RENAL FAILURE W/O CC/MCC,NY - East Long Island,11,17885.91,6914.36,4010.0
330393,UNIVERSITY HOSPITAL ( STONY BROOK ),HEALTH SCIENCES CENTER SUNY,STONY BROOK,NY,11794,689 - KIDNEY & URINARY TRACT INFECTIONS W MCC,NY - East Long Island,98,49036.8,13382.31,10698.63
330393,UNIVERSITY HOSPITAL ( STONY BROOK ),HEALTH SCIENCES CENTER SUNY,STONY BROOK,NY,11794,690 - KIDNEY & URINARY TRACT INFECTIONS W/O MCC,NY - East Long Island,141,29796.0,8966.32,6971.17
330393,UNIVERSITY HOSPITAL ( STONY BROOK ),HEALTH SCIENCES CENTER SUNY,STONY BROOK,NY,11794,694 - URINARY STONES W/O ESW LITHOTRIPSY W/O MCC,NY - East Long Island,13,28926.08,8154.08,6040.23
330393,UNIVERSITY HOSPITAL ( STONY BROOK ),HEALTH SCIENCES CENTER SUNY,STONY BROOK,NY,11794,698 - OTHER KIDNEY & URINARY TRACT DIAGNOSES W MCC,NY - East Long Island,89,78455.74,19736.78,14708.6
330393,UNIVERSITY HOSPITAL ( STONY BROOK ),HEALTH SCIENCES CENTER SUNY,STONY BROOK,NY,11794,699 - OTHER KIDNEY & URINARY TRACT DIAGNOSES W CC,NY - East Long Island,59,45993.64,12289.78,9194.63
330393,UNIVERSITY HOSPITAL ( STONY BROOK ),HEALTH SCIENCES CENTER SUNY,STONY BROOK,NY,11794,708 - MAJOR MALE PELVIC PROCEDURES W/O CC/MCC,NY - East Long Island,14,38885.57,15045.64,11045.36
330393,UNIVERSITY HOSPITAL ( STONY BROOK ),HEALTH SCIENCES CENTER SUNY,STONY BROOK,NY,11794,742 - UTERINE & ADNEXA PROC FOR NON-MALIGNANCY W CC/MCC,NY - East Long Island,20,45870.35,15901.55,13386.05
330393,UNIVERSITY HOSPITAL ( STONY BROOK ),HEALTH SCIENCES CENTER SUNY,STONY BROOK,NY,11794,743 - UTERINE & ADNEXA PROC FOR NON-MALIGNANCY W/O CC/MCC,NY - East Long Island,29,29925.38,10426.1,8831.17
330393,UNIVERSITY HOSPITAL ( STONY BROOK ),HEALTH SCIENCES CENTER SUNY,STONY BROOK,NY,11794,808 - MAJOR HEMATOL/IMMUN DIAG EXC SICKLE CELL CRISIS & COAGUL W MCC,NY - East Long Island,16,88186.38,23469.81,19833.5
330393,UNIVERSITY HOSPITAL ( STONY BROOK ),HEALTH SCIENCES CENTER SUNY,STONY BROOK,NY,11794,809 - MAJOR HEMATOL/IMMUN DIAG EXC SICKLE CELL CRISIS & COAGUL W CC,NY - East Long Island,16,72640.75,17074.19,14082.0
330393,UNIVERSITY HOSPITAL ( STONY BROOK ),HEALTH SCIENCES CENTER SUNY,STONY BROOK,NY,11794,811 - RED BLOOD CELL DISORDERS W MCC,NY - East Long Island,34,48519.21,14442.85,12265.94
330393,UNIVERSITY HOSPITAL ( STONY BROOK ),HEALTH SCIENCES CENTER SUNY,STONY BROOK,NY,11794,812 - RED BLOOD CELL DISORDERS W/O MCC,NY - East Long Island,60,30786.3,9244.72,7176.3
330393,UNIVERSITY HOSPITAL ( STONY BROOK ),HEALTH SCIENCES CENTER SUNY,STONY BROOK,NY,11794,834 - ACUTE LEUKEMIA W/O MAJOR O.R. PROCEDURE W MCC,NY - East Long Island,11,294966.73,93531.45,55785.73
330393,UNIVERSITY HOSPITAL ( STONY BROOK ),HEALTH SCIENCES CENTER SUNY,STONY BROOK,NY,11794,840 - LYMPHOMA & NON-ACUTE LEUKEMIA W MCC,NY - East Long Island,18,202309.94,47708.83,40808.11
330393,UNIVERSITY HOSPITAL ( STONY BROOK ),HEALTH SCIENCES CENTER SUNY,STONY BROOK,NY,11794,853 - INFECTIOUS & PARASITIC DISEASES W O.R. PROCEDURE W MCC,NY - East Long Island,64,242426.38,69175.39,52804.67
330393,UNIVERSITY HOSPITAL ( STONY BROOK ),HEALTH SCIENCES CENTER SUNY,STONY BROOK,NY,11794,854 - INFECTIOUS & PARASITIC DISEASES W O.R. PROCEDURE W CC,NY - East Long Island,11,99865.18,25581.64,22202.0
330393,UNIVERSITY HOSPITAL ( STONY BROOK ),HEALTH SCIENCES CENTER SUNY,STONY BROOK,NY,11794,862 - POSTOPERATIVE & POST-TRAUMATIC INFECTIONS W MCC,NY - East Long Island,18,57874.11,18053.72,15211.83
330393,UNIVERSITY HOSPITAL ( STONY BROOK ),HEALTH SCIENCES CENTER SUNY,STONY BROOK,NY,11794,863 - POSTOPERATIVE & POST-TRAUMATIC INFECTIONS W/O MCC,NY - East Long Island,25,39519.0,10989.56,9249.2
330393,UNIVERSITY HOSPITAL ( STONY BROOK ),HEALTH SCIENCES CENTER SUNY,STONY BROOK,NY,11794,864 - FEVER,NY - East Long Island,14,34580.07,9856.36,7873.43
330393,UNIVERSITY HOSPITAL ( STONY BROOK ),HEALTH SCIENCES CENTER SUNY,STONY BROOK,NY,11794,865 - VIRAL ILLNESS W MCC,NY - East Long Island,12,43626.58,15900.58,13453.08
330393,UNIVERSITY HOSPITAL ( STONY BROOK ),HEALTH SCIENCES CENTER SUNY,STONY BROOK,NY,11794,866 - VIRAL ILLNESS W/O MCC,NY - East Long Island,13,30766.62,8751.54,6624.15
330393,UNIVERSITY HOSPITAL ( STONY BROOK ),HEALTH SCIENCES CENTER SUNY,STONY BROOK,NY,11794,870 - SEPTICEMIA OR SEVERE SEPSIS W MV >96 HOURS,NY - East Long Island,36,265401.28,67859.94,58416.31
330393,UNIVERSITY HOSPITAL ( STONY BROOK ),HEALTH SCIENCES CENTER SUNY,STONY BROOK,NY,11794,871 - SEPTICEMIA OR SEVERE SEPSIS W/O MV 96+ HOURS W MCC,NY - East Long Island,628,64473.46,19685.6,16207.16
330393,UNIVERSITY HOSPITAL ( STONY BROOK ),HEALTH SCIENCES CENTER SUNY,STONY BROOK,NY,11794,872 - SEPTICEMIA OR SEVERE SEPSIS W/O MV >96 HOURS W/O MCC,NY - East Long Island,137,40705.67,12367.2,9127.42
330393,UNIVERSITY HOSPITAL ( STONY BROOK ),HEALTH SCIENCES CENTER SUNY,STONY BROOK,NY,11794,884 - ORGANIC DISTURBANCES & MENTAL RETARDATION,NY - East Long Island,36,41883.14,11794.5,9310.72
330393,UNIVERSITY HOSPITAL ( STONY BROOK ),HEALTH SCIENCES CENTER SUNY,STONY BROOK,NY,11794,885 - PSYCHOSES,NY - East Long Island,13,66650.85,13590.31,10868.31
330393,UNIVERSITY HOSPITAL ( STONY BROOK ),HEALTH SCIENCES CENTER SUNY,STONY BROOK,NY,11794,897 - ALCOHOL/DRUG ABUSE OR DEPENDENCE W/O REHABILITATION THERAPY W/O MCC,NY - East Long Island,30,34854.0,8597.9,5883.27
330393,UNIVERSITY HOSPITAL ( STONY BROOK ),HEALTH SCIENCES CENTER SUNY,STONY BROOK,NY,11794,907 - OTHER O.R. PROCEDURES FOR INJURIES W MCC,NY - East Long Island,11,216244.55,53849.82,44906.91
330393,UNIVERSITY HOSPITAL ( STONY BROOK ),HEALTH SCIENCES CENTER SUNY,STONY BROOK,NY,11794,908 - OTHER O.R. PROCEDURES FOR INJURIES W CC,NY - East Long Island,15,62560.8,20829.87,16051.93
330393,UNIVERSITY HOSPITAL ( STONY BROOK ),HEALTH SCIENCES CENTER SUNY,STONY BROOK,NY,11794,917 - POISONING & TOXIC EFFECTS OF DRUGS W MCC,NY - East Long Island,20,61481.6,16133.15,12365.85
330393,UNIVERSITY HOSPITAL ( STONY BROOK ),HEALTH SCIENCES CENTER SUNY,STONY BROOK,NY,11794,918 - POISONING & TOXIC EFFECTS OF DRUGS W/O MCC,NY - East Long Island,18,24094.83,7616.22,5276.33
330393,UNIVERSITY HOSPITAL ( STONY BROOK ),HEALTH SCIENCES CENTER SUNY,STONY BROOK,NY,11794,919 - COMPLICATIONS OF TREATMENT W MCC,NY - East Long Island,17,70093.82,20699.65,13457.94
330393,UNIVERSITY HOSPITAL ( STONY BROOK ),HEALTH SCIENCES CENTER SUNY,STONY BROOK,NY,11794,920 - COMPLICATIONS OF TREATMENT W CC,NY - East Long Island,19,43683.21,10936.21,8912.84
330393,UNIVERSITY HOSPITAL ( STONY BROOK ),HEALTH SCIENCES CENTER SUNY,STONY BROOK,NY,11794,947 - SIGNS & SYMPTOMS W MCC,NY - East Long Island,22,48379.95,13158.86,9191.23
330393,UNIVERSITY HOSPITAL ( STONY BROOK ),HEALTH SCIENCES CENTER SUNY,STONY BROOK,NY,11794,948 - SIGNS & SYMPTOMS W/O MCC,NY - East Long Island,36,36091.5,9235.86,6248.86
330393,UNIVERSITY HOSPITAL ( STONY BROOK ),HEALTH SCIENCES CENTER SUNY,STONY BROOK,NY,11794,"956 - LIMB REATTACHMENT, HIP & FEMUR PROC FOR MULTIPLE SIGNIFICANT TRAUMA",NY - East Long Island,17,125431.82,37193.65,26983.18
330393,UNIVERSITY HOSPITAL ( STONY BROOK ),HEALTH SCIENCES CENTER SUNY,STONY BROOK,NY,11794,957 - OTHER O.R. PROCEDURES FOR MULTIPLE SIGNIFICANT TRAUMA W MCC,NY - East Long Island,11,240352.55,72257.55,35728.82
330393,UNIVERSITY HOSPITAL ( STONY BROOK ),HEALTH SCIENCES CENTER SUNY,STONY BROOK,NY,11794,963 - OTHER MULTIPLE SIGNIFICANT TRAUMA W MCC,NY - East Long Island,11,154289.09,32017.45,16807.73
330393,UNIVERSITY HOSPITAL ( STONY BROOK ),HEALTH SCIENCES CENTER SUNY,STONY BROOK,NY,11794,964 - OTHER MULTIPLE SIGNIFICANT TRAUMA W CC,NY - East Long Island,11,48942.18,17533.91,8494.82
330393,UNIVERSITY HOSPITAL ( STONY BROOK ),HEALTH SCIENCES CENTER SUNY,STONY BROOK,NY,11794,981 - EXTENSIVE O.R. PROCEDURE UNRELATED TO PRINCIPAL DIAGNOSIS W MCC,NY - East Long Island,27,214846.15,60551.56,45272.96
330393,UNIVERSITY HOSPITAL ( STONY BROOK ),HEALTH SCIENCES CENTER SUNY,STONY BROOK,NY,11794,982 - EXTENSIVE O.R. PROCEDURE UNRELATED TO PRINCIPAL DIAGNOSIS W CC,NY - East Long Island,15,120654.8,29256.53,26386.13
